Date,Home Team,Away Team,Home Score,Away Score,Outcome,Spread
1/14/68,GB,LVR,33,14,-19,-13.5
1/12/69,IND,NYJ,7,16,9,-18
1/11/70,KC,MIN,23,7,-16,-12
1/17/71,IND,DAL,16,13,-3,-2.5
1/16/72,DAL,MIA,24,3,-21,-6
1/14/73,MIA,WAS,14,7,-7,-1
1/13/74,MIA,MIN,24,7,-17,-6.5
1/12/75,MIN,PIT,6,16,10,-3
1/18/76,DAL,PIT,17,21,4,-7
1/9/77,MIN,LVR,14,32,18,-4
1/15/78,DAL,DEN,27,10,-17,-6
1/21/79,DAL,PIT,31,35,4,3.5
9/1/79,TB,DET,31,16,-15,-3
9/2/79,BUF,MIA,7,9,2,-5
9/2/79,CHI,GB,6,3,-3,-3
9/2/79,DEN,CIN,10,0,-10,-3
9/2/79,KC,IND,14,0,-14,-1
9/2/79,LAR,LVR,17,24,7,-4
9/2/79,MIN,SF,28,22,-6,-7
9/2/79,NO,ATL,34,40,6,5
9/2/79,NYJ,CLE,22,25,3,-2
9/2/79,PHI,NYG,23,17,-6,-7
9/2/79,SEA,LAC,16,33,17,-2
9/2/79,ARI,DAL,21,22,1,-4
9/2/79,WAS,TEN,27,29,2,-4
9/3/79,NE,PIT,13,16,3,-2
9/6/79,DEN,LAR,9,13,4,2
9/9/79,IND,TB,26,29,3,3
9/9/79,BUF,CIN,51,24,-27,3
9/9/79,CHI,MIN,26,7,-19,-6
9/9/79,DET,WAS,24,27,3,7
9/9/79,GB,NO,28,19,-9,-3
9/9/79,KC,CLE,24,27,3,-3
9/9/79,MIA,SEA,19,10,-9,-7
9/9/79,NE,NYJ,56,3,-53,-8
9/9/79,NYG,ARI,14,27,13,-3
9/9/79,PIT,TEN,38,7,-31,7
9/9/79,LAC,LVR,30,10,-20,-6
9/9/79,SF,DAL,13,21,8,14
9/10/79,PHI,ATL,10,14,4,19
9/16/79,ATL,DEN,17,20,3,-6
9/16/79,CIN,NE,14,20,6,-6
9/16/79,CLE,IND,13,10,-3,5
9/16/79,DAL,CHI,24,20,-4,16
9/16/79,GB,TB,10,21,11,16
9/16/79,TEN,KC,20,6,-14,12.5
9/16/79,LAR,SF,27,24,-3,7
9/16/79,MIN,MIA,12,27,15,-14
9/16/79,NO,PHI,14,26,12,11
9/16/79,NYJ,DET,31,10,-21,-4
9/16/79,LAC,BUF,27,19,-8,8
9/16/79,SEA,LVR,27,10,-17,14
9/16/79,ARI,PIT,21,24,3,-15
9/17/79,WAS,NYG,27,0,-27,-15
9/23/79,BUF,NYJ,46,31,-15,-14
9/23/79,CIN,TEN,27,30,3,8
9/23/79,DEN,SEA,37,34,-3,1
9/23/79,DET,ATL,24,23,-1,-2
9/23/79,KC,LVR,35,7,-28,14
9/23/79,MIA,CHI,31,16,-15,4
9/23/79,MIN,GB,27,21,-6,-9
9/23/79,NE,LAC,27,21,-6,8
9/23/79,NYG,PHI,13,17,4,7
9/23/79,PIT,IND,17,13,-4,-4
9/23/79,SF,NO,21,30,9,8
9/23/79,ARI,WAS,7,17,10,-10
9/23/79,TB,LAR,21,6,-15,12
9/24/79,CLE,DAL,26,7,-19,12
9/30/79,ATL,WAS,7,16,9,-12
9/30/79,IND,BUF,13,31,18,0
9/30/79,CHI,TB,13,17,4,12
9/30/79,DAL,CIN,38,13,-25,-7
9/30/79,DET,MIN,10,13,3,-9
9/30/79,TEN,CLE,31,10,-21,7
9/30/79,LAR,ARI,21,0,-21,-4
9/30/79,NO,NYG,24,14,-10,5
9/30/79,NYJ,MIA,33,27,-6,5
9/30/79,LVR,DEN,27,3,-24,8
9/30/79,PHI,PIT,17,14,-3,-12
9/30/79,LAC,SF,31,9,-22,-7
9/30/79,SEA,KC,6,24,18,9
10/1/79,GB,NE,27,14,-13,-1
10/7/79,ATL,GB,25,7,-18,12
10/7/79,IND,NYJ,10,8,-2,-2
10/7/79,BUF,CHI,0,7,7,2
10/7/79,CIN,KC,7,10,3,-13
10/7/79,CLE,PIT,35,51,16,7
10/7/79,DEN,LAC,7,0,-7,15
10/7/79,TEN,ARI,17,24,7,-8
10/7/79,MIN,DAL,20,36,16,12
10/7/79,NE,DET,24,17,-7,-12
10/7/79,NO,LAR,17,35,18,-4
10/7/79,NYG,TB,17,14,-3,8
10/7/79,PHI,WAS,28,17,-11,-11
10/7/79,SF,SEA,24,35,11,-10
10/8/79,LVR,MIA,13,3,-10,-9
10/14/79,IND,TEN,16,28,12,-6
10/14/79,CHI,NE,7,27,20,9
10/14/79,CIN,PIT,34,10,-24,-12
10/14/79,CLE,WAS,9,13,4,-11
10/14/79,DAL,LAR,30,6,-24,-4
10/14/79,GB,DET,24,16,-8,-13
10/14/79,KC,DEN,10,24,14,12
10/14/79,MIA,BUF,17,7,-10,13
10/14/79,NYG,SF,32,16,-16,12
10/14/79,LVR,ATL,50,19,-31,9
10/14/79,LAC,SEA,20,10,-10,-12
10/14/79,ARI,PHI,20,24,4,10
10/14/79,TB,NO,14,42,28,-14
10/15/79,NYJ,MIN,14,7,-7,-15
10/21/79,BUF,IND,13,14,1,-6
10/21/79,CLE,CIN,28,27,-1,-3
10/21/79,DAL,ARI,22,13,-9,-11
10/21/79,KC,NYG,17,21,4,-5
10/21/79,LAR,LAC,16,40,24,14
10/21/79,MIN,CHI,30,27,-3,-1
10/21/79,NE,MIA,28,13,-15,9
10/21/79,NO,DET,17,7,-10,2
10/21/79,NYJ,LVR,28,19,-9,-10
10/21/79,SF,ATL,20,15,-5,13
10/21/79,SEA,TEN,34,14,-20,2
10/21/79,TB,GB,21,3,-18,2
10/21/79,WAS,PHI,17,7,-10,-3
10/22/79,PIT,DEN,42,7,-35,-5
10/25/79,LVR,LAC,45,22,-23,-17
10/28/79,IND,NE,31,26,-5,1
10/28/79,CIN,PHI,37,13,-24,4
10/28/79,DEN,KC,20,3,-17,14
10/28/79,DET,BUF,17,20,3,-10
10/28/79,TEN,NYJ,27,24,-3,14
10/28/79,LAR,NYG,14,20,6,6
10/28/79,MIA,GB,27,7,-20,11
10/28/79,MIN,TB,10,12,2,1
10/28/79,PIT,DAL,14,3,-11,9
10/28/79,SF,CHI,27,28,1,0
10/28/79,ARI,CLE,20,38,18,-12
10/28/79,WAS,NO,10,14,4,5
10/29/79,ATL,SEA,28,31,3,-13
11/4/79,ATL,TB,17,14,-3,11
11/4/79,IND,CIN,38,28,-10,13
11/4/79,BUF,NE,6,26,20,-14
11/4/79,CHI,DET,35,7,-28,-3
11/4/79,DEN,NO,10,3,-7,2
11/4/79,GB,NYJ,22,27,5,-4
11/4/79,KC,LAC,14,20,6,15
11/4/79,NYG,DAL,14,16,2,-15
11/4/79,LVR,SF,23,10,-13,6
11/4/79,PHI,CLE,19,24,5,-1
11/4/79,PIT,WAS,38,7,-31,-5
11/4/79,SEA,LAR,0,24,24,-6
11/4/79,ARI,MIN,37,7,-30,-1
11/5/79,MIA,TEN,6,9,3,-8
11/11/79,CHI,LAR,27,23,-4,0
11/11/79,CIN,LAC,24,26,2,-6
11/11/79,CLE,SEA,24,29,5,-4
11/11/79,DEN,NE,45,10,-35,5
11/11/79,DET,TB,14,16,2,-7
11/11/79,GB,MIN,19,7,-12,2
11/11/79,TEN,LVR,31,17,-14,2
11/11/79,KC,PIT,3,30,27,-14
11/11/79,MIA,IND,19,0,-19,-6
11/11/79,NO,SF,31,20,-11,-1
11/11/79,NYG,ATL,24,3,-21,9
11/11/79,NYJ,BUF,12,14,2,6
11/11/79,WAS,ARI,30,28,-2,-10
11/12/79,DAL,PHI,21,31,10,10
11/18/79,BUF,GB,19,12,-7,4
11/18/79,CHI,NYJ,23,13,-10,6
11/18/79,CLE,MIA,30,24,-6,-8
11/18/79,TEN,CIN,42,21,-21,14
11/18/79,MIN,DET,14,7,-7,-15
11/18/79,NE,IND,50,21,-29,8
11/18/79,LVR,KC,21,24,3,-9
11/18/79,PHI,ARI,16,13,-3,8
11/18/79,LAC,PIT,35,7,-28,-13
11/18/79,SF,DEN,28,38,10,-9
11/18/79,SEA,NO,38,24,-14,8
11/18/79,TB,NYG,31,3,-28,13
11/18/79,WAS,DAL,34,20,-14,9
11/19/79,LAR,ATL,20,14,-6,-7
11/22/79,DAL,TEN,24,30,6,0
11/22/79,DET,CHI,20,0,-20,-11
11/25/79,ATL,NO,6,37,31,15
11/25/79,IND,MIA,24,28,4,-14
11/25/79,CIN,ARI,34,28,-6,12
11/25/79,DEN,LVR,10,14,4,-13
11/25/79,GB,PHI,10,21,11,7
11/25/79,NE,BUF,13,16,3,-4
11/25/79,NYG,WAS,14,6,-8,6
11/25/79,PIT,CLE,33,30,-3,-7
11/25/79,LAC,KC,28,7,-21,-10
11/25/79,SF,LAR,20,26,6,13
11/25/79,TB,MIN,22,23,1,3
11/26/79,SEA,NYJ,30,7,-23,1
11/29/79,MIA,NE,39,24,-15,4
12/2/79,BUF,DEN,16,19,3,-2
12/2/79,CLE,TEN,14,7,-7,-9
12/2/79,DAL,NYG,28,7,-21,7
12/2/79,KC,SEA,37,21,-16,-13
12/2/79,LAR,MIN,27,21,-6,-6
12/2/79,NYJ,IND,30,17,-13,-15
12/2/79,PHI,DET,44,7,-37,10
12/2/79,PIT,CIN,37,17,-20,11
12/2/79,LAC,ATL,26,28,2,2
12/2/79,ARI,SF,13,10,-3,-8
12/2/79,TB,CHI,0,14,14,-12
12/2/79,WAS,GB,38,21,-17,4
12/3/79,NO,LVR,35,42,7,14
12/8/79,PHI,DAL,17,24,7,-12
12/8/79,SEA,DEN,28,23,-5,-9
12/9/79,ATL,LAR,13,34,21,-1
12/9/79,IND,KC,7,10,3,-11
12/9/79,DET,MIA,10,28,18,11
12/9/79,GB,CHI,14,15,1,-10
12/9/79,MIN,BUF,10,3,-7,-5
12/9/79,NO,LAC,0,35,35,15
12/9/79,NYJ,NE,27,26,-1,4
12/9/79,LVR,CLE,19,14,-5,-15
12/9/79,SF,TB,23,7,-16,11
12/9/79,ARI,NYG,29,20,-9,9
12/9/79,WAS,CIN,28,14,-14,-2
12/10/79,TEN,PIT,20,17,-3,12
12/15/79,DET,GB,13,18,5,10
12/15/79,MIA,NYJ,24,27,3,9
12/16/79,ATL,SF,31,21,-10,10
12/16/79,CHI,ARI,42,6,-36,-13
12/16/79,CIN,CLE,16,12,-4,6
12/16/79,DAL,WAS,35,34,-1,8
12/16/79,TEN,PHI,20,26,6,5
12/16/79,LAR,NO,14,29,15,-1
12/16/79,NE,MIN,27,23,-4,-7
12/16/79,NYG,IND,7,31,24,-11
12/16/79,LVR,SEA,24,29,5,13
12/16/79,PIT,BUF,28,0,-28,4
12/16/79,TB,KC,3,0,-3,4
12/17/79,LAC,DEN,17,7,-10,-7
12/23/79,TEN,DEN,13,7,-6,7
12/23/79,PHI,CHI,27,17,-10,-13
12/29/79,LAC,TEN,14,17,3,7
12/29/79,TB,PHI,24,17,-7,-10
12/30/79,DAL,LAR,19,21,2,-11
12/30/79,PIT,MIA,34,14,-20,-14
1/6/80,PIT,TEN,27,13,-14,-10
1/6/80,TB,LAR,0,9,9,-4
1/20/80,LAR,PIT,19,31,12,2
9/7/80,BUF,MIA,17,7,-10,-15
9/7/80,CIN,TB,12,17,5,15
9/7/80,GB,CHI,12,6,-6,-9
9/7/80,KC,LVR,14,27,13,11
9/7/80,LAR,DET,20,41,21,4
9/7/80,MIN,ATL,24,23,-1,-13
9/7/80,NE,CLE,34,17,-17,-14
9/7/80,NO,SF,23,26,3,-8
9/7/80,NYJ,IND,14,17,3,-6
9/7/80,PHI,DEN,27,6,-21,-6
9/7/80,PIT,TEN,31,17,-14,-1
9/7/80,SEA,LAC,13,34,21,13
9/7/80,ARI,NYG,35,41,6,13
9/8/80,WAS,DAL,3,17,14,-2
9/11/80,TB,LAR,10,9,-1,9
9/14/80,IND,PIT,17,20,3,1
9/14/80,BUF,NYJ,20,10,-10,-6
9/14/80,CHI,NO,22,3,-19,6
9/14/80,DEN,DAL,41,20,-21,5
9/14/80,GB,DET,7,29,22,-5
9/14/80,KC,SEA,16,17,1,13
9/14/80,MIA,CIN,17,16,-1,0
9/14/80,MIN,PHI,7,42,35,1
9/14/80,NE,ATL,21,37,16,13
9/14/80,NYG,WAS,21,23,2,-6
9/14/80,LAC,LVR,30,24,-6,8
9/14/80,SF,ARI,24,21,-3,-3
9/15/80,CLE,TEN,7,16,9,15
9/21/80,ATL,MIA,17,20,3,-5
9/21/80,CHI,MIN,14,34,20,15
9/21/80,CIN,PIT,30,28,-2,2
9/21/80,CLE,KC,20,13,-7,-8
9/21/80,DAL,TB,28,17,-11,2
9/21/80,DEN,LAC,13,30,17,5
9/21/80,DET,ARI,20,7,-13,-4
9/21/80,TEN,IND,21,16,-5,-10
9/21/80,LAR,GB,51,21,-30,-10
9/21/80,NO,BUF,26,35,9,-14
9/21/80,NYJ,SF,27,37,10,-7
9/21/80,LVR,WAS,24,21,-3,15
9/21/80,SEA,NE,31,37,6,1
9/22/80,PHI,NYG,35,3,-32,7
9/28/80,IND,NYJ,35,21,-14,11
9/28/80,BUF,LVR,24,7,-17,-14
9/28/80,CIN,TEN,10,13,3,3
9/28/80,DET,MIN,27,7,-20,3
9/28/80,GB,DAL,7,28,21,-6
9/28/80,KC,LAC,7,24,17,6
9/28/80,MIA,NO,21,16,-5,-7
9/28/80,NYG,LAR,7,28,21,1
9/28/80,PIT,CHI,38,3,-35,-1
9/28/80,SF,ATL,17,20,3,4
9/28/80,ARI,PHI,24,14,-10,-2
9/28/80,TB,CLE,27,34,7,-14
9/28/80,WAS,SEA,0,14,14,7
9/29/80,NE,DEN,23,14,-9,-12
10/5/80,ATL,DET,43,28,-15,1
10/5/80,CLE,DEN,16,19,3,-3
10/5/80,DAL,NYG,24,3,-21,4
10/5/80,GB,CIN,14,9,-5,14
10/5/80,TEN,SEA,7,26,19,-7
10/5/80,LAR,SF,48,26,-22,-14
10/5/80,MIA,IND,17,30,13,4
10/5/80,MIN,PIT,17,23,6,2
10/5/80,NO,ARI,7,40,33,-3
10/5/80,NYJ,NE,11,21,10,9
10/5/80,LVR,KC,17,31,14,-2
10/5/80,PHI,WAS,24,14,-10,14
10/5/80,LAC,BUF,24,26,2,8
10/6/80,CHI,TB,23,0,-23,-12
10/12/80,ATL,NYJ,7,14,7,6
10/12/80,BUF,IND,12,17,5,-2
10/12/80,DAL,SF,59,14,-45,13
10/12/80,DET,NO,24,13,-11,-3
10/12/80,KC,TEN,21,20,-1,-10
10/12/80,MIN,CHI,13,7,-6,7
10/12/80,NE,MIA,34,0,-34,-15
10/12/80,NYG,PHI,16,31,15,1
10/12/80,LVR,LAC,38,24,-14,-10
10/12/80,PIT,CIN,16,17,1,-1
10/12/80,SEA,CLE,3,27,24,14
10/12/80,ARI,LAR,13,21,8,-6
10/12/80,TB,GB,14,14,0,-2
10/13/80,DEN,WAS,20,17,-3,0
10/19/80,IND,NE,21,37,16,5
10/19/80,CHI,DET,24,7,-17,5
10/19/80,CIN,MIN,14,0,-14,-4
10/19/80,CLE,GB,26,21,-5,-7
10/19/80,DEN,KC,17,23,6,12
10/19/80,TEN,TB,20,14,-6,-14
10/19/80,MIA,BUF,17,14,-3,9
10/19/80,NO,ATL,14,41,27,3
10/19/80,NYJ,SEA,17,27,10,6
10/19/80,PHI,DAL,17,10,-7,3
10/19/80,LAC,NYG,44,7,-37,-3
10/19/80,SF,LAR,17,31,14,0
10/19/80,WAS,ARI,23,0,-23,-5
10/20/80,PIT,LVR,34,45,11,10
10/26/80,ATL,LAR,13,10,-3,9
10/26/80,IND,ARI,10,17,7,-13
10/26/80,BUF,NE,31,13,-18,4
10/26/80,CLE,PIT,27,26,-1,11
10/26/80,DAL,LAC,42,31,-11,6
10/26/80,GB,MIN,16,3,-13,4
10/26/80,TEN,CIN,23,3,-20,-12
10/26/80,KC,DET,20,17,-3,-1
10/26/80,NYG,DEN,9,14,5,-7
10/26/80,LVR,SEA,33,14,-19,7
10/26/80,PHI,CHI,17,14,-3,8
10/26/80,SF,TB,23,24,1,-9
10/26/80,WAS,NO,22,14,-8,-11
10/27/80,NYJ,MIA,17,14,-3,-8
11/2/80,BUF,ATL,14,30,16,-11
11/2/80,CIN,LAC,14,31,17,-14
11/2/80,DEN,TEN,16,20,4,-6
11/2/80,DET,SF,17,13,-4,10
11/2/80,KC,IND,24,31,7,10
11/2/80,LAR,NO,45,31,-14,1
11/2/80,NE,NYJ,34,21,-13,14
11/2/80,LVR,MIA,16,10,-6,11
11/2/80,PIT,GB,22,20,-2,-7
11/2/80,SEA,PHI,20,27,7,15
11/2/80,ARI,DAL,24,27,3,-7
11/2/80,TB,NYG,30,13,-17,-11
11/2/80,WAS,MIN,14,39,25,-6
11/3/80,CLE,CHI,27,21,-6,15
11/9/80,IND,CLE,27,28,1,5
11/9/80,CHI,WAS,35,21,-14,-9
11/9/80,GB,SF,23,16,-7,-6
11/9/80,LAR,MIA,14,35,21,-9
11/9/80,MIN,DET,34,0,-34,-3
11/9/80,NO,PHI,21,34,13,1
11/9/80,NYG,DAL,38,35,-3,5
11/9/80,NYJ,BUF,24,31,7,13
11/9/80,LVR,CIN,28,17,-11,15
11/9/80,LAC,DEN,13,20,7,6
11/9/80,SEA,KC,30,31,1,9
11/9/80,ARI,ATL,27,33,6,-15
11/9/80,TB,PIT,21,24,3,12
11/10/80,TEN,NE,38,34,-4,-10
11/16/80,ATL,NO,31,13,-18,-9
11/16/80,CHI,TEN,6,10,4,-2
11/16/80,CIN,BUF,0,14,14,6
11/16/80,DAL,ARI,31,21,-10,11
11/16/80,DEN,NYJ,31,24,-7,8
11/16/80,DET,IND,9,10,1,13
11/16/80,MIA,SF,17,13,-4,8
11/16/80,MIN,TB,38,30,-8,-14
11/16/80,NE,LAR,14,17,3,-11
11/16/80,NYG,GB,27,21,-6,-14
11/16/80,PIT,CLE,16,13,-3,-14
11/16/80,LAC,KC,20,7,-13,-1
11/16/80,WAS,PHI,0,24,24,-15
11/17/80,SEA,LVR,17,19,2,-14
11/20/80,MIA,LAC,24,27,3,10
11/23/80,ATL,CHI,28,17,-11,8
11/23/80,BUF,PIT,28,13,-15,-13
11/23/80,CLE,CIN,31,7,-24,1
11/23/80,DAL,WAS,14,10,-4,0
11/23/80,DEN,SEA,36,20,-16,-8
11/23/80,MIN,GB,13,25,12,-8
11/23/80,NE,IND,47,21,-26,4
11/23/80,NYJ,TEN,31,28,-3,13
11/23/80,PHI,LVR,10,7,-3,8
11/23/80,SF,NYG,12,0,-12,9
11/23/80,ARI,KC,13,21,8,-14
11/23/80,TB,DET,10,24,14,13
11/24/80,NO,LAR,7,27,20,-2
11/27/80,DAL,SEA,51,7,-44,-6
11/27/80,DET,CHI,17,23,6,-11
11/30/80,ATL,WAS,10,6,-4,-10
11/30/80,IND,BUF,28,24,-4,10
11/30/80,GB,TB,17,20,3,-1
11/30/80,TEN,CLE,14,17,3,12
11/30/80,KC,CIN,6,20,14,-2
11/30/80,LAR,NYJ,38,13,-25,-2
11/30/80,NO,MIN,20,23,3,2
11/30/80,NYG,ARI,7,23,16,6
11/30/80,PIT,MIA,23,10,-13,-10
11/30/80,LAC,PHI,22,21,-1,-6
11/30/80,SF,NE,21,17,-4,3
12/1/80,LVR,DEN,9,3,-6,-3
12/4/80,TEN,PIT,6,0,-6,5
12/7/80,BUF,LAR,10,7,-3,13
12/7/80,CHI,GB,61,7,-54,-9
12/7/80,CIN,IND,34,33,-1,11
12/7/80,CLE,NYJ,17,14,-3,9
12/7/80,KC,DEN,31,14,-17,-8
12/7/80,LVR,DAL,13,19,6,13
12/7/80,PHI,ATL,17,20,3,10
12/7/80,SF,NO,38,35,-3,-12
12/7/80,SEA,NYG,21,27,6,4
12/7/80,ARI,DET,24,23,-1,8
12/7/80,TB,MIN,10,21,11,7
12/7/80,WAS,LAC,40,17,-23,1
12/8/80,MIA,NE,16,13,-3,0
12/13/80,LAC,SEA,21,14,-7,10
12/13/80,WAS,NYG,16,13,-3,-14
12/14/80,ATL,SF,35,10,-25,0
12/14/80,IND,MIA,14,24,10,-14
12/14/80,CHI,CIN,14,17,3,-10
12/14/80,DEN,LVR,21,24,3,10
12/14/80,DET,TB,27,14,-13,10
12/14/80,GB,TEN,3,22,19,6
12/14/80,MIN,CLE,28,23,-5,5
12/14/80,NE,BUF,24,2,-22,-15
12/14/80,NYJ,NO,20,21,1,-14
12/14/80,PHI,ARI,17,3,-14,-10
12/14/80,PIT,KC,21,16,-5,2
12/15/80,LAR,DAL,38,14,-24,-10
12/20/80,MIA,NYJ,17,24,7,-3
12/20/80,TB,CHI,13,14,1,-14
12/21/80,IND,KC,28,38,10,5
12/21/80,CIN,CLE,24,27,3,13
12/21/80,DAL,PHI,35,27,-8,-13
12/21/80,DET,GB,24,3,-21,-11
12/21/80,TEN,MIN,20,16,-4,-5
12/21/80,LAR,ATL,20,17,-3,-8
12/21/80,NO,NE,27,38,11,12
12/21/80,NYG,LVR,17,33,16,7
12/21/80,SF,BUF,13,18,5,0
12/21/80,SEA,DEN,17,25,8,9
12/21/80,ARI,WAS,7,31,24,-1
12/22/80,LAC,PIT,26,17,-9,-6
12/28/80,DAL,LAR,34,13,-21,3
12/28/80,LVR,TEN,27,7,-20,-20
1/3/81,PHI,MIN,31,16,-15,-5
1/3/81,LAC,BUF,20,14,-6,-10
1/4/81,ATL,DAL,27,30,3,12
1/4/81,CLE,LVR,12,14,2,0
1/11/81,PHI,DAL,20,7,-13,1
1/11/81,LAC,LVR,27,34,7,14
1/25/81,LVR,PHI,27,10,-17,-2
9/5/81,TB,MIN,21,13,-8,-2
9/6/81,ATL,NO,27,0,-27,10
9/6/81,BUF,NYJ,31,0,-31,-6
9/6/81,CHI,GB,9,16,7,12
9/6/81,CIN,SEA,27,21,-6,10
9/6/81,DEN,LVR,9,7,-2,-13
9/6/81,DET,SF,24,17,-7,-14
9/6/81,LAR,TEN,20,27,7,6
9/6/81,NE,IND,28,29,1,-5
9/6/81,NYG,PHI,10,24,14,15
9/6/81,PIT,KC,33,37,4,-15
9/6/81,ARI,MIA,7,20,13,-9
9/6/81,WAS,DAL,10,26,16,-2
9/7/81,CLE,LAC,14,44,30,1
9/10/81,MIA,PIT,30,10,-20,6
9/13/81,IND,BUF,3,35,32,-1
9/13/81,CLE,TEN,3,9,6,7
9/13/81,DAL,ARI,30,17,-13,2
9/13/81,GB,ATL,17,31,14,12
9/13/81,KC,TB,19,10,-9,-14
9/13/81,NO,LAR,23,17,-6,6
9/13/81,NYJ,CIN,30,31,1,6
9/13/81,PHI,NE,13,3,-10,-14
9/13/81,LAC,DET,28,23,-5,2
9/13/81,SF,CHI,28,17,-11,-14
9/13/81,SEA,DEN,13,10,-3,13
9/13/81,WAS,NYG,7,17,10,8
9/14/81,MIN,LVR,10,36,26,-2
9/17/81,BUF,PHI,14,20,6,0
9/20/81,ATL,SF,34,17,-17,-11
9/20/81,CHI,TB,28,17,-11,10
9/20/81,CIN,CLE,17,20,3,4
9/20/81,DEN,IND,28,10,-18,-8
9/20/81,TEN,MIA,10,16,6,-3
9/20/81,KC,LAC,31,42,11,-10
9/20/81,LAR,GB,35,23,-12,-9
9/20/81,MIN,DET,26,24,-2,2
9/20/81,NYG,NO,20,7,-13,-7
9/20/81,LVR,SEA,20,10,-10,8
9/20/81,PIT,NYJ,38,10,-28,-15
9/20/81,ARI,WAS,40,30,-10,-3
9/21/81,NE,DAL,21,35,14,-12
9/27/81,IND,MIA,28,31,3,9
9/27/81,CIN,BUF,27,24,-3,0
9/27/81,CLE,ATL,28,17,-11,9
9/27/81,DAL,NYG,18,10,-8,-11
9/27/81,DEN,LAC,42,24,-18,-10
9/27/81,DET,LVR,16,0,-16,14
9/27/81,GB,MIN,13,30,17,15
9/27/81,NYJ,TEN,33,17,-16,-5
9/27/81,PHI,WAS,36,13,-23,-4
9/27/81,PIT,NE,27,21,-6,-9
9/27/81,SF,NO,21,14,-7,7
9/27/81,SEA,KC,14,20,6,6
9/27/81,TB,ARI,20,10,-10,-4
9/28/81,CHI,LAR,7,24,17,-9
10/4/81,BUF,IND,23,17,-6,-1
10/4/81,TEN,CIN,17,10,-7,-5
10/4/81,LAR,CLE,27,16,-11,-13
10/4/81,MIA,NYJ,28,28,0,4
10/4/81,MIN,CHI,24,21,-3,1
10/4/81,NE,KC,33,17,-16,17
10/4/81,NO,PIT,6,20,14,6
10/4/81,NYG,GB,14,27,13,14
10/4/81,LVR,DEN,0,17,17,6
10/4/81,LAC,SEA,24,10,-14,-14
10/4/81,ARI,DAL,20,17,-3,10
10/4/81,TB,DET,28,10,-18,0
10/4/81,WAS,SF,17,30,13,13
10/5/81,PHI,ATL,16,13,-3,-13
10/11/81,ATL,LAR,35,37,2,-14
10/11/81,IND,CIN,19,41,22,-7
10/11/81,CHI,WAS,7,24,17,12
10/11/81,DEN,DET,27,21,-6,8
10/11/81,GB,TB,10,21,11,5
10/11/81,TEN,SEA,35,17,-18,-9
10/11/81,KC,LVR,27,0,-27,-4
10/11/81,NO,PHI,14,31,17,-2
10/11/81,NYG,ARI,34,14,-20,-6
10/11/81,NYJ,NE,28,24,-4,-11
10/11/81,PIT,CLE,13,7,-6,3
10/11/81,LAC,MIN,31,33,2,-9
10/11/81,SF,DAL,45,14,-31,-1
10/12/81,BUF,MIA,31,21,-10,-10
10/18/81,ATL,ARI,41,20,-21,-14
10/18/81,IND,LAC,14,43,29,-14
10/18/81,CIN,PIT,34,7,-27,1
10/18/81,CLE,NO,20,17,-3,-13
10/18/81,DAL,LAR,29,17,-12,-4
10/18/81,GB,SF,3,13,10,6
10/18/81,KC,DEN,28,14,-14,-10
10/18/81,MIA,WAS,13,10,-3,12
10/18/81,MIN,PHI,35,23,-12,6
10/18/81,NE,TEN,38,10,-28,2
10/18/81,NYJ,BUF,33,14,-19,-15
10/18/81,LVR,TB,18,16,-2,-5
10/18/81,SEA,NYG,0,32,32,-12
10/19/81,DET,CHI,48,17,-31,5
10/25/81,ATL,NYG,24,27,3,-8
10/25/81,BUF,DEN,9,7,-2,-10
10/25/81,CHI,LAC,20,17,-3,-12
10/25/81,CLE,IND,42,28,-14,-1
10/25/81,DAL,MIA,28,27,-1,5
10/25/81,DET,GB,31,27,-4,15
10/25/81,NO,CIN,17,7,-10,-15
10/25/81,NYJ,SEA,3,19,16,0
10/25/81,LVR,KC,17,28,11,9
10/25/81,PHI,TB,20,10,-10,-14
10/25/81,SF,LAR,20,17,-3,-1
10/25/81,ARI,MIN,30,17,-13,1
10/25/81,WAS,NE,24,22,-2,10
10/26/81,PIT,TEN,26,13,-13,1
11/1/81,BUF,CLE,22,13,-9,10
11/1/81,CIN,TEN,34,21,-13,-7
11/1/81,GB,SEA,34,24,-10,-1
11/1/81,LAR,DET,20,13,-7,-11
11/1/81,MIA,IND,27,10,-17,-9
11/1/81,NO,ATL,10,41,31,4
11/1/81,NYG,NYJ,7,26,19,-10
11/1/81,LVR,NE,27,17,-10,0
11/1/81,PHI,DAL,14,17,3,9
11/1/81,TB,CHI,20,10,-10,-4
11/1/81,WAS,ARI,42,21,-21,13
11/2/81,DEN,MIN,19,17,-2,2
11/8/81,IND,NYJ,14,41,27,12
11/8/81,DEN,CLE,23,20,-3,-7
11/8/81,GB,NYG,26,24,-2,12
11/8/81,TEN,LVR,17,16,-1,10
11/8/81,KC,CHI,13,16,3,14
11/8/81,LAR,NO,13,21,8,-10
11/8/81,MIN,TB,25,10,-15,6
11/8/81,NE,MIA,27,30,3,-14
11/8/81,LAC,CIN,17,40,23,-1
11/8/81,SF,ATL,17,14,-3,-8
11/8/81,SEA,PIT,24,21,-3,3
11/8/81,ARI,PHI,10,52,42,8
11/8/81,WAS,DET,33,31,-2,-2
11/9/81,DAL,BUF,27,14,-13,6
11/15/81,ATL,PIT,20,34,14,-5
11/15/81,CIN,LAR,24,10,-14,-13
11/15/81,DET,DAL,27,24,-3,-14
11/15/81,GB,CHI,21,17,-4,-1
11/15/81,KC,TEN,23,10,-13,9
11/15/81,MIA,LVR,17,33,16,-6
11/15/81,MIN,NO,20,10,-10,-4
11/15/81,NE,NYJ,6,17,11,-9
11/15/81,NYG,WAS,27,30,3,-10
11/15/81,PHI,IND,38,13,-25,-7
11/15/81,SF,CLE,12,15,3,1
11/15/81,ARI,BUF,24,0,-24,0
11/15/81,TB,DEN,7,24,17,0
11/16/81,SEA,LAC,44,23,-21,-8
11/22/81,IND,ARI,24,35,11,6
11/22/81,BUF,NE,20,17,-3,-4
11/22/81,CHI,DET,7,23,16,-11
11/22/81,CIN,DEN,38,21,-17,-14
11/22/81,CLE,PIT,10,32,22,4
11/22/81,DAL,WAS,24,10,-14,7
11/22/81,TEN,NO,24,27,3,-2
11/22/81,KC,SEA,40,13,-27,3
11/22/81,LAR,SF,31,33,2,0
11/22/81,NYJ,MIA,16,15,-1,-8
11/22/81,LVR,LAC,21,55,34,-6
11/22/81,PHI,NYG,10,20,10,-9
11/22/81,TB,GB,37,3,-34,5
11/23/81,ATL,MIN,31,30,-1,1
11/26/81,DAL,CHI,10,9,-1,4
11/26/81,DET,KC,27,10,-17,5
11/29/81,BUF,WAS,21,14,-7,-3
11/29/81,CLE,CIN,21,41,20,-11
11/29/81,TEN,ATL,27,31,4,7
11/29/81,MIN,GB,23,35,12,-11
11/29/81,NE,ARI,20,27,7,-1
11/29/81,NO,TB,14,31,17,-10
11/29/81,NYJ,IND,25,0,-25,-12
11/29/81,PIT,LAR,24,0,-24,-16
11/29/81,LAC,DEN,34,17,-17,0
11/29/81,SF,NYG,17,10,-7,14
11/29/81,SEA,LVR,31,32,1,14
11/30/81,MIA,PHI,13,10,-3,10
12/3/81,TEN,CLE,17,13,-4,8
12/6/81,IND,DAL,13,37,24,4
12/6/81,CHI,MIN,10,9,-1,1
12/6/81,CIN,SF,3,21,18,7
12/6/81,DEN,KC,16,13,-3,-2
12/6/81,GB,DET,31,17,-14,-6
12/6/81,MIA,NE,24,14,-10,-1
12/6/81,NYG,LAR,10,7,-3,-2
12/6/81,LAC,BUF,27,28,1,1
12/6/81,SEA,NYJ,27,23,-4,-7
12/6/81,ARI,NO,30,3,-27,-12
12/6/81,TB,ATL,24,23,-1,-14
12/6/81,WAS,PHI,15,13,-2,-3
12/7/81,LVR,PIT,30,27,-3,0
12/12/81,CLE,NYJ,13,14,1,8
12/12/81,DET,MIN,45,7,-38,9
12/13/81,DAL,PHI,21,10,-11,-15
12/13/81,DEN,SEA,23,13,-10,-11
12/13/81,KC,MIA,7,17,10,-14
12/13/81,NE,BUF,10,19,9,-4
12/13/81,NO,GB,7,35,28,-13
12/13/81,LVR,CHI,6,23,17,3
12/13/81,PIT,CIN,10,17,7,12
12/13/81,SF,TEN,28,6,-22,-6
12/13/81,ARI,NYG,10,20,10,7
12/13/81,TB,LAC,23,24,1,6
12/13/81,WAS,IND,38,14,-24,12
12/14/81,LAR,ATL,21,16,-5,6
12/19/81,MIA,BUF,16,6,-10,-2
12/19/81,NYG,DAL,13,10,-3,-2
12/20/81,ATL,CIN,28,30,2,-7
12/20/81,IND,NE,23,21,-2,-4
12/20/81,CHI,DEN,35,24,-11,12
12/20/81,DET,TB,17,20,3,13
12/20/81,TEN,PIT,21,20,-1,10
12/20/81,LAR,WAS,7,30,23,0
12/20/81,MIN,KC,6,10,4,6
12/20/81,NO,SF,17,21,4,-11
12/20/81,NYJ,GB,28,3,-25,1
12/20/81,PHI,ARI,38,0,-38,4
12/20/81,SEA,CLE,42,21,-21,6
12/21/81,LAC,LVR,23,10,-13,10
12/27/81,NYJ,BUF,27,31,4,-12
12/27/81,PHI,NYG,21,27,6,-12
1/2/82,DAL,TB,38,0,-38,6
1/2/82,MIA,LAC,38,41,3,14
1/3/82,CIN,BUF,28,21,-7,-8
1/3/82,SF,NYG,38,24,-14,-5
1/10/82,CIN,LAC,27,7,-20,15
1/10/82,SF,DAL,28,27,-1,3
1/24/82,SF,CIN,26,21,-5,-8
9/12/82,IND,NE,13,24,11,-7
9/12/82,BUF,KC,14,9,-5,-1
9/12/82,CIN,TEN,27,6,-21,6
9/12/82,DEN,LAC,3,23,20,12
9/12/82,DET,CHI,17,10,-7,3
9/12/82,GB,LAR,35,23,-12,-1
9/12/82,MIN,TB,17,10,-7,11
9/12/82,NO,ARI,7,21,14,-12
9/12/82,NYG,ATL,14,16,2,2
9/12/82,NYJ,MIA,28,45,17,1
9/12/82,PHI,WAS,34,37,3,8
9/12/82,SF,LVR,17,23,6,-13
9/12/82,SEA,CLE,7,21,14,-7
9/13/82,DAL,PIT,28,36,8,12
9/16/82,BUF,MIN,23,22,-1,4
9/19/82,ATL,LVR,14,38,24,8
9/19/82,CHI,NO,0,10,10,-9
9/19/82,CLE,PHI,21,24,3,-11
9/19/82,DEN,SF,24,21,-3,2
9/19/82,TEN,SEA,23,21,-2,-7
9/19/82,KC,LAC,19,12,-7,-2
9/19/82,LAR,DET,14,19,5,3
9/19/82,MIA,IND,24,20,-4,10
9/19/82,NE,NYJ,7,31,24,-4
9/19/82,PIT,CIN,26,20,-6,-11
9/19/82,ARI,DAL,7,24,17,2
9/19/82,TB,WAS,13,21,8,-9
9/20/82,NYG,GB,19,27,8,-3
11/21/82,ATL,LAR,34,17,-17,9
11/21/82,BUF,MIA,7,9,2,-1
11/21/82,CHI,DET,20,17,-3,2
11/21/82,CLE,NE,10,7,-3,4
11/21/82,DAL,TB,14,9,-5,3
11/21/82,DEN,SEA,10,17,7,-11
11/21/82,GB,MIN,26,7,-19,4
11/21/82,TEN,PIT,10,24,14,13
11/21/82,NO,KC,27,17,-10,1
11/21/82,NYG,WAS,17,27,10,7
11/21/82,NYJ,IND,37,0,-37,11
11/21/82,PHI,CIN,14,18,4,0
11/21/82,ARI,SF,20,31,11,-12
11/22/82,LVR,LAC,28,24,-4,-3
11/25/82,DAL,CLE,31,14,-17,6
11/25/82,DET,NYG,6,13,7,15
11/28/82,ATL,ARI,20,23,3,8
11/28/82,BUF,IND,20,0,-20,15
11/28/82,CIN,LVR,31,17,-14,-1
11/28/82,LAR,KC,20,14,-6,13
11/28/82,MIN,CHI,35,7,-28,-5
11/28/82,NE,TEN,29,21,-8,-12
11/28/82,NYJ,GB,15,13,-2,-6
11/28/82,LAC,DEN,30,20,-10,4
11/28/82,SF,NO,20,23,3,15
11/28/82,SEA,PIT,16,0,-16,-9
11/28/82,WAS,PHI,13,9,-4,-10
11/29/82,TB,MIA,23,17,-6,9
12/2/82,LAR,SF,24,30,6,-14
12/5/82,IND,CIN,17,20,3,-5
12/5/82,CHI,NE,26,13,-13,-4
12/5/82,CLE,LAC,13,30,17,-3
12/5/82,DEN,ATL,27,34,7,-9
12/5/82,GB,BUF,33,21,-12,8
12/5/82,LVR,SEA,28,23,-5,-5
12/5/82,MIA,MIN,22,14,-8,3
12/5/82,NO,TB,10,13,3,9
12/5/82,NYG,TEN,17,14,-3,0
12/5/82,PHI,ARI,20,23,3,-5
12/5/82,PIT,KC,35,14,-21,4
12/5/82,WAS,DAL,10,24,14,-13
12/6/82,DET,NYJ,13,28,15,4
12/11/82,NYG,PHI,23,7,-16,-7
12/11/82,SF,LAC,37,41,4,-7
12/12/82,ATL,NO,35,0,-35,11
12/12/82,BUF,PIT,13,0,-13,8
12/12/82,CIN,CLE,23,10,-13,7
12/12/82,GB,DET,10,30,20,0
12/12/82,KC,LVR,16,21,5,4
12/12/82,LAR,DEN,24,27,3,-11
12/12/82,MIN,IND,13,10,-3,-15
12/12/82,NE,MIA,3,0,-3,12
12/12/82,NYJ,TB,32,17,-15,-2
12/12/82,SEA,CHI,20,14,-6,3
12/12/82,ARI,WAS,7,12,5,-7
12/13/82,TEN,DAL,7,37,30,5
12/18/82,LVR,LAR,37,31,-6,7
12/18/82,MIA,NYJ,20,19,-1,-7
12/19/82,IND,GB,20,20,0,-15
12/19/82,CHI,ARI,7,10,3,-1
12/19/82,CLE,PIT,10,9,-1,-2
12/19/82,DAL,NO,21,7,-14,11
12/19/82,DEN,KC,16,37,21,-5
12/19/82,DET,MIN,31,34,3,7
12/19/82,PHI,TEN,35,14,-21,-10
12/19/82,SF,ATL,7,17,10,6
12/19/82,SEA,NE,0,16,16,9
12/19/82,TB,BUF,24,23,-1,-6
12/19/82,WAS,NYG,15,14,-1,11
12/20/82,LAC,CIN,50,34,-16,-7
12/26/82,ATL,GB,7,38,31,14
12/26/82,CIN,SEA,24,10,-14,10
12/26/82,DAL,PHI,20,24,4,-8
12/26/82,TEN,CLE,14,20,6,-12
12/26/82,KC,SF,13,26,13,-10
12/26/82,LVR,DEN,27,10,-17,-11
12/26/82,LAR,CHI,26,34,8,14
12/26/82,MIN,NYJ,14,42,28,1
12/26/82,NO,WAS,10,27,17,-4
12/26/82,PIT,NE,37,14,-23,9
12/26/82,LAC,IND,44,26,-18,12
12/26/82,ARI,NYG,24,21,-3,-5
12/26/82,TB,DET,23,21,-2,-10
12/27/82,MIA,BUF,27,10,-17,10
1/2/83,IND,MIA,7,34,27,0
1/2/83,DET,GB,27,24,-3,-1
1/2/83,TEN,CIN,27,35,8,-15
1/2/83,KC,NYJ,37,13,-24,3
1/2/83,NE,BUF,30,19,-11,-5
1/2/83,NO,ATL,35,6,-29,3
1/2/83,PHI,NYG,24,26,2,-15
1/2/83,PIT,CLE,37,21,-16,6
1/2/83,LAC,LVR,34,41,7,1
1/2/83,SF,LAR,20,21,1,3
1/2/83,SEA,DEN,13,11,-2,-9
1/2/83,TB,CHI,26,23,-3,1
1/2/83,WAS,ARI,28,0,-28,6
1/3/83,MIN,DAL,31,27,-4,13
1/8/83,GB,ARI,41,16,-25,-15
1/8/83,LVR,CLE,27,10,-17,-11
1/8/83,MIA,NE,28,13,-15,3
1/8/83,WAS,DET,31,7,-24,-14
1/9/83,CIN,NYJ,17,44,27,-1
1/9/83,DAL,TB,30,17,-13,-9
1/9/83,MIN,ATL,30,24,-6,-13
1/9/83,PIT,LAC,28,31,3,12
1/15/83,LVR,NYJ,14,17,3,-2
1/15/83,WAS,MIN,21,7,-14,-10
1/16/83,DAL,GB,37,26,-11,-3
1/16/83,MIA,LAC,34,13,-21,-7
1/22/83,WAS,DAL,31,17,-14,5
1/23/83,MIA,NYJ,14,0,-14,-8
1/30/83,MIA,WAS,17,27,10,-9
9/3/83,SF,PHI,17,22,5,9
9/4/83,BUF,MIA,0,12,12,7
9/4/83,CHI,ATL,17,20,3,15
9/4/83,CIN,LVR,10,20,10,11
9/4/83,CLE,MIN,21,27,6,-6
9/4/83,TEN,GB,38,41,3,-10
9/4/83,KC,SEA,17,13,-4,4
9/4/83,NE,IND,23,29,6,-2
9/4/83,NO,ARI,28,17,-11,12
9/4/83,NYG,LAR,6,16,10,-14
9/4/83,PIT,DEN,10,14,4,-8
9/4/83,LAC,NYJ,29,41,12,0
9/4/83,TB,DET,0,11,11,-14
9/5/83,WAS,DAL,30,31,1,6
9/8/83,MIN,SF,17,48,31,0
9/11/83,ATL,NYG,13,16,3,9
9/11/83,IND,DEN,10,17,7,-6
9/11/83,CHI,TB,17,10,-7,-2
9/11/83,CIN,BUF,6,10,4,-12
9/11/83,DET,CLE,26,31,5,-4
9/11/83,GB,PIT,21,25,4,13
9/11/83,LVR,TEN,20,6,-14,-10
9/11/83,LAR,NO,30,27,-3,1
9/11/83,MIA,NE,34,24,-10,-13
9/11/83,NYJ,SEA,10,17,7,-3
9/11/83,PHI,WAS,13,23,10,15
9/11/83,ARI,DAL,17,34,17,14
9/12/83,KC,LAC,14,17,3,14
9/15/83,CLE,CIN,17,7,-10,10
9/18/83,BUF,IND,28,23,-5,11
9/18/83,DAL,NYG,28,13,-15,-9
9/18/83,DEN,PHI,10,13,3,9
9/18/83,DET,ATL,14,30,16,15
9/18/83,GB,LAR,27,24,-3,-1
9/18/83,TEN,PIT,28,40,12,-14
9/18/83,NE,NYJ,23,13,-10,-6
9/18/83,NO,CHI,34,31,-3,-12
9/18/83,SEA,LAC,34,31,-3,9
9/18/83,ARI,SF,27,42,15,-14
9/18/83,TB,MIN,16,19,3,-15
9/18/83,WAS,KC,27,12,-15,-12
9/19/83,LVR,MIA,27,14,-13,-9
9/25/83,IND,CHI,22,19,-3,2
9/25/83,BUF,TEN,30,13,-17,2
9/25/83,DAL,NO,21,20,-1,5
9/25/83,DEN,LVR,7,22,15,9
9/25/83,MIA,KC,14,6,-8,12
9/25/83,MIN,DET,20,17,-3,-10
9/25/83,NYJ,LAR,27,24,-3,8
9/25/83,PHI,ARI,11,14,3,-8
9/25/83,PIT,NE,23,28,5,11
9/25/83,LAC,CLE,24,30,6,15
9/25/83,SF,ATL,24,20,-4,-5
9/25/83,SEA,WAS,17,27,10,2
9/25/83,TB,CIN,17,23,6,1
9/26/83,NYG,GB,27,3,-24,-6
10/2/83,ATL,PHI,24,28,4,-13
10/2/83,CHI,DEN,31,14,-17,10
10/2/83,CIN,IND,31,34,3,0
10/2/83,CLE,SEA,9,24,15,6
10/2/83,GB,TB,55,14,-41,-1
10/2/83,KC,ARI,38,14,-24,8
10/2/83,LAR,DET,21,10,-11,-12
10/2/83,MIN,DAL,24,37,13,6
10/2/83,NE,SF,13,33,20,-8
10/2/83,NO,MIA,17,7,-10,14
10/2/83,NYG,LAC,34,41,7,-13
10/2/83,PIT,TEN,17,10,-7,-3
10/2/83,WAS,LVR,37,35,-2,15
10/3/83,BUF,NYJ,10,34,24,-12
10/9/83,ATL,NO,17,19,2,7
10/9/83,IND,NE,12,7,-5,9
10/9/83,CHI,MIN,14,23,9,-4
10/9/83,CLE,NYJ,10,7,-3,2
10/9/83,DAL,TB,27,24,-3,-14
10/9/83,DET,GB,38,14,-24,-5
10/9/83,TEN,DEN,14,26,12,8
10/9/83,LVR,KC,21,20,-1,0
10/9/83,MIA,BUF,35,38,3,-12
10/9/83,NYG,PHI,13,17,4,-5
10/9/83,LAC,SEA,28,21,-7,6
10/9/83,SF,LAR,7,10,3,-10
10/9/83,ARI,WAS,14,38,24,-15
10/10/83,CIN,PIT,14,24,10,-12
10/16/83,IND,BUF,7,30,23,0
10/16/83,DAL,PHI,37,7,-30,-10
10/16/83,DEN,CIN,24,17,-7,-8
10/16/83,DET,CHI,31,17,-14,-7
10/16/83,KC,NYG,38,17,-21,-10
10/16/83,LAR,ATL,27,21,-6,-11
10/16/83,MIN,TEN,34,14,-20,2
10/16/83,NE,LAC,37,21,-16,-13
10/16/83,NO,SF,13,32,19,0
10/16/83,NYJ,MIA,14,32,18,-7
10/16/83,PIT,CLE,44,17,-27,-1
10/16/83,SEA,LVR,38,36,-2,-1
10/16/83,TB,ARI,27,34,7,12
10/17/83,GB,WAS,48,47,-1,10
10/23/83,IND,MIA,7,21,14,9
10/23/83,BUF,NE,0,31,31,9
10/23/83,CIN,CLE,28,21,-7,0
10/23/83,DAL,LVR,38,40,2,14
10/23/83,DEN,LAC,14,6,-8,4
10/23/83,GB,MIN,17,20,3,8
10/23/83,TEN,KC,10,13,3,4
10/23/83,LAR,SF,35,45,10,8
10/23/83,NYJ,ATL,21,27,6,-9
10/23/83,PHI,CHI,6,7,1,1
10/23/83,SEA,PIT,21,27,6,-2
10/23/83,TB,NO,21,24,3,5
10/23/83,WAS,DET,38,17,-21,15
10/24/83,ARI,NYG,20,20,0,-3
10/30/83,ATL,NE,24,13,-11,-5
10/30/83,BUF,NO,27,21,-6,-9
10/30/83,CHI,DET,17,38,21,2
10/30/83,CIN,GB,34,14,-20,4
10/30/83,CLE,TEN,25,19,-6,5
10/30/83,DEN,KC,27,24,-3,-13
10/30/83,LVR,SEA,21,34,13,-4
10/30/83,MIA,LAR,30,14,-16,-15
10/30/83,NYG,DAL,20,38,18,1
10/30/83,PHI,IND,21,22,1,15
10/30/83,PIT,TB,17,12,-5,-13
10/30/83,SF,NYJ,13,27,14,11
10/30/83,ARI,MIN,41,31,-10,5
10/31/83,LAC,WAS,24,27,3,1
11/6/83,GB,CLE,35,21,-14,11
11/6/83,TEN,CIN,14,55,41,-13
11/6/83,KC,LVR,20,28,8,2
11/6/83,LAR,CHI,21,14,-7,5
11/6/83,MIN,TB,12,17,5,5
11/6/83,NE,BUF,21,7,-14,8
11/6/83,NO,ATL,27,10,-17,8
11/6/83,NYJ,IND,14,17,3,9
11/6/83,PHI,DAL,20,27,7,12
11/6/83,PIT,LAC,26,3,-23,-3
11/6/83,SF,MIA,17,20,3,12
11/6/83,SEA,DEN,27,19,-8,-9
11/6/83,WAS,ARI,45,7,-38,2
11/7/83,DET,NYG,15,9,-6,-12
11/13/83,IND,PIT,13,24,11,-10
11/13/83,CHI,PHI,17,14,-3,-14
11/13/83,CLE,TB,20,0,-20,-8
11/13/83,TEN,DET,27,17,-10,6
11/13/83,KC,CIN,20,15,-5,-15
11/13/83,LVR,DEN,22,20,-2,7
11/13/83,MIN,GB,21,29,8,5
11/13/83,NE,MIA,17,6,-11,14
11/13/83,NYG,WAS,17,33,16,-10
11/13/83,NYJ,BUF,17,24,7,9
11/13/83,LAC,DAL,24,23,-1,15
11/13/83,SF,NO,27,0,-27,-1
11/13/83,ARI,SEA,33,28,-5,5
11/14/83,ATL,LAR,13,36,23,6
11/20/83,ATL,SF,28,24,-4,-1
11/20/83,BUF,LVR,24,27,3,14
11/20/83,CIN,TEN,38,10,-28,3
11/20/83,DAL,KC,41,21,-20,13
11/20/83,DEN,SEA,38,27,-11,8
11/20/83,GB,DET,20,23,3,-7
11/20/83,LAR,WAS,20,42,22,-4
11/20/83,MIA,IND,37,0,-37,-14
11/20/83,NE,CLE,0,30,30,1
11/20/83,PHI,NYG,0,23,23,-2
11/20/83,PIT,MIN,14,17,3,-8
11/20/83,ARI,LAC,44,14,-30,10
11/20/83,TB,CHI,0,27,27,-11
11/21/83,NO,NYJ,28,31,3,13
11/24/83,DAL,ARI,35,17,-18,8
11/24/83,DET,PIT,45,3,-42,8
11/27/83,ATL,GB,47,41,-6,-5
11/27/83,CHI,SF,13,3,-10,11
11/27/83,CLE,IND,41,23,-18,-8
11/27/83,LVR,NYG,27,12,-15,-10
11/27/83,LAR,BUF,41,17,-24,5
11/27/83,NO,MIN,17,16,-1,11
11/27/83,NYJ,NE,26,3,-23,2
11/27/83,LAC,DEN,31,7,-24,8
11/27/83,SEA,KC,51,48,-3,-10
11/27/83,TB,TEN,33,24,-9,-15
11/27/83,WAS,PHI,28,24,-4,-12
11/28/83,MIA,CIN,38,14,-24,-9
12/1/83,LAC,LVR,10,42,32,9
12/4/83,IND,NYJ,6,10,4,-4
12/4/83,DEN,CLE,27,6,-21,-2
12/4/83,GB,CHI,31,28,-3,15
12/4/83,TEN,MIA,17,24,7,8
12/4/83,KC,BUF,9,14,5,10
12/4/83,NE,NO,7,0,-7,11
12/4/83,NYG,ARI,6,10,4,-14
12/4/83,PHI,LAR,13,9,-4,11
12/4/83,PIT,CIN,10,23,13,8
12/4/83,SF,TB,35,21,-14,11
12/4/83,SEA,DAL,10,35,25,-8
12/4/83,WAS,ATL,37,21,-16,-5
12/5/83,DET,MIN,13,2,-11,-6
12/10/83,MIA,ATL,31,24,-7,9
12/10/83,NYJ,PIT,7,34,27,-7
12/11/83,BUF,SF,10,23,13,8
12/11/83,CIN,DET,17,9,-8,-8
12/11/83,DAL,WAS,10,31,21,11
12/11/83,DEN,IND,21,19,-2,-12
12/11/83,TEN,CLE,34,27,-7,-10
12/11/83,LVR,ARI,24,34,10,-12
12/11/83,LAR,NE,7,21,14,8
12/11/83,MIN,CHI,13,19,6,-15
12/11/83,NYG,SEA,12,17,5,7
12/11/83,PHI,NO,17,20,3,-13
12/11/83,LAC,KC,41,38,-3,13
12/12/83,TB,GB,9,12,3,4
12/16/83,MIA,NYJ,34,14,-20,6
12/17/83,MIN,CIN,20,14,-6,5
12/17/83,WAS,NYG,31,22,-9,-2
12/18/83,ATL,BUF,31,14,-17,-10
12/18/83,IND,TEN,20,10,-10,14
12/18/83,CHI,GB,23,21,-2,15
12/18/83,CLE,PIT,30,17,-13,-4
12/18/83,DET,TB,23,20,-3,-6
12/18/83,KC,DEN,48,17,-31,11
12/18/83,LVR,LAC,30,14,-16,-15
12/18/83,NO,LAR,24,26,2,-7
12/18/83,SEA,NE,24,6,-18,1
12/18/83,ARI,PHI,31,7,-24,14
12/19/83,SF,DAL,42,17,-25,-4
12/24/83,SEA,DEN,31,7,-24,-4
12/26/83,DAL,LAR,17,24,7,10
12/31/83,MIA,SEA,20,27,7,3
12/31/83,SF,DET,24,23,-1,-7
1/1/84,LVR,PIT,38,10,-28,12
1/1/84,WAS,LAR,51,7,-44,-10
1/8/84,LVR,SEA,30,14,-16,-12
1/8/84,WAS,SF,24,21,-3,12
1/22/84,WAS,LVR,9,38,29,-1